,accuracy,precision,recall,f1,roc_auc,mcc,brier_score,ece
xgboost,0.9962406015037594,0.9953216374269006,1.0,0.9976553341148886,1.0,0.9882459973498697,0.013455794714253996,0.19916349989747195
lightgbm,0.9990601503759399,0.9988262910798122,1.0,0.9994128009395185,1.0,0.9970641733457171,0.009798151888517913,0.2007787294410116
catboost,0.9962406015037594,0.9953216374269006,1.0,0.9976553341148886,1.0,0.9882459973498697,0.0024736468774513177,0.200563998266044
gradboost,1.0,1.0,1.0,1.0,1.0,1.0,0.007692568248310527,0.20097782603456676
