,accuracy,precision,recall,f1,roc_auc,mcc,brier_score,ece,pr_auc,average_precision
xgboost,0.9962406015037594,0.9953216374269006,1.0,0.9976553341148886,1.0,0.9882459973498696,0.0122773439333063,0.2064560114273003,,
lightgbm,0.99906015037594,0.9988262910798122,1.0,0.9994128009395185,1.0,0.9970641733457172,0.0097981518885179,0.2007787294410116,,
catboost,0.9962406015037594,0.9953216374269006,1.0,0.9976553341148886,1.0,0.9882459973498696,0.0024736468774513,0.200563998266044,,
gradboost,1.0,1.0,1.0,1.0,1.0,1.0,0.0076925682483105,0.2009778260345667,,
xgboost,0.9990601503759399,0.9988262910798122,1.0,0.9994128009395185,0.9999999999999999,0.9970641733457171,0.0007117840429474419,0.19949924337933245,1.0,1.0
lightgbm,0.9990601503759399,0.9988262910798122,1.0,0.9994128009395185,0.9999944831543116,0.9970641733457171,0.0012964255889840767,0.20016633123519006,0.9999986199782305,0.9999986207885779
catboost,0.9990601503759399,1.0,0.9988249118683902,0.9994121105232217,1.0,0.9970744735164792,0.00041651833027101204,0.2004127304529325,1.0,1.0
gradboost,1.0,1.0,1.0,1.0,1.0,1.0,5.259945933117359e-05,0.20041031186362368,1.0,1.0
