,accuracy,precision,recall,f1,roc_auc,pr_auc,average_precision,mcc,brier_score,ece
xgboost,0.8599624060150376,0.8552631578947368,0.9929494712103408,0.9189777052746058,0.7538604127703945,0.8961654899878975,0.8964768706962019,0.4996536980079889,0.11216883883692638,0.0796036895301501
lightgbm,0.8674812030075187,0.8585858585858586,0.9988249118683902,0.9234111895708854,0.7583400914693017,0.8963238574401637,0.8966823853058594,0.5372454735078359,0.1101191325111411,0.08804349280034769
catboost,0.8637218045112782,0.8551307847082495,0.9988249118683902,0.9214092140921409,0.7672001456447262,0.8952501473650388,0.8958526762599262,0.5209590811194886,0.11150940039126384,0.08293892494643977
gradboost,0.8627819548872181,0.8557013118062563,0.9964747356051704,0.9207383279044516,0.7564753976266531,0.8999033956259301,0.9002017176441927,0.5146251085781951,0.11140506537265454,0.08072789057538299
