,accuracy,precision,recall,f1,roc_auc,mcc,brier_score,ece
xgboost,0.9990601503759399,0.9988262910798122,1.0,0.9994128009395185,1.0,0.9970641733457171,0.0010026990480440658,0.19901142715071846
lightgbm,0.9990601503759399,0.9988262910798122,1.0,0.9994128009395185,1.0,0.9970641733457171,0.0007022692689574109,0.2000883316947289
catboost,0.9962406015037594,0.9953216374269006,1.0,0.9976553341148886,1.0,0.9882459973498697,0.00304525303972896,0.19948631093692026
gradboost,1.0,1.0,1.0,1.0,1.0,1.0,1.4387435931086172e-14,0.20018797111382278
