{
    "base_models": {
        "xgboost": {
            "accuracy": 0.9962406015037594,
            "precision": 0.9953216374269006,
            "recall": 1.0,
            "f1": 0.9976553341148886,
            "roc_auc": 1.0,
            "mcc": 0.9882459973498697,
            "brier_score": 0.013455794714253996,
            "ece": 0.19916349989747195
        },
        "lightgbm": {
            "accuracy": 0.9990601503759399,
            "precision": 0.9988262910798122,
            "recall": 1.0,
            "f1": 0.9994128009395185,
            "roc_auc": 1.0,
            "mcc": 0.9970641733457171,
            "brier_score": 0.009798151888517913,
            "ece": 0.2007787294410116
        },
        "catboost": {
            "accuracy": 0.9962406015037594,
            "precision": 0.9953216374269006,
            "recall": 1.0,
            "f1": 0.9976553341148886,
            "roc_auc": 1.0,
            "mcc": 0.9882459973498697,
            "brier_score": 0.0024736468774513177,
            "ece": 0.200563998266044
        },
        "gradboost": {
            "accuracy": 1.0,
            "precision": 1.0,
            "recall": 1.0,
            "f1": 1.0,
            "roc_auc": 1.0,
            "mcc": 1.0,
            "brier_score": 0.007692568248310527,
            "ece": 0.20097782603456676
        }
    },
    "stacking": {
        "val_auc": 1.0,
        "val_f1": 1.0
    },
    "calibration": {
        "brier_score": 4.997455669745579e-06,
        "ece": 0.0018353724368273014
    },
    "thresholds": {
        "f1_max": {
            "threshold": 0.08,
            "f1": 1.0
        },
        "youden": {
            "threshold": 0.9801591144349945,
            "j_score": 1.0
        },
        "sensitivity_first": {
            "threshold": 0.08,
            "sensitivity": 0.9,
            "specificity": 1.0
        }
    },
    "optimal_threshold": 0.08
}