{
    "base_models": {
        "xgboost": {
            "accuracy": 0.8599624060150376,
            "precision": 0.8552631578947368,
            "recall": 0.9929494712103408,
            "f1": 0.9189777052746058,
            "roc_auc": 0.7538604127703945,
            "pr_auc": 0.8961654899878975,
            "average_precision": 0.8964768706962019,
            "mcc": 0.4996536980079889,
            "brier_score": 0.11216883883692638,
            "ece": 0.0796036895301501
        },
        "lightgbm": {
            "accuracy": 0.8674812030075187,
            "precision": 0.8585858585858586,
            "recall": 0.9988249118683902,
            "f1": 0.9234111895708854,
            "roc_auc": 0.7583400914693017,
            "pr_auc": 0.8963238574401637,
            "average_precision": 0.8966823853058594,
            "mcc": 0.5372454735078359,
            "brier_score": 0.1101191325111411,
            "ece": 0.08804349280034769
        },
        "catboost": {
            "accuracy": 0.8637218045112782,
            "precision": 0.8551307847082495,
            "recall": 0.9988249118683902,
            "f1": 0.9214092140921409,
            "roc_auc": 0.7672001456447262,
            "pr_auc": 0.8952501473650388,
            "average_precision": 0.8958526762599262,
            "mcc": 0.5209590811194886,
            "brier_score": 0.11150940039126384,
            "ece": 0.08293892494643977
        },
        "gradboost": {
            "accuracy": 0.8627819548872181,
            "precision": 0.8557013118062563,
            "recall": 0.9964747356051704,
            "f1": 0.9207383279044516,
            "roc_auc": 0.7564753976266531,
            "pr_auc": 0.8999033956259301,
            "average_precision": 0.9002017176441927,
            "mcc": 0.5146251085781951,
            "brier_score": 0.11140506537265454,
            "ece": 0.08072789057538299
        }
    },
    "stacking": {
        "val_auc": 0.7634100726568578,
        "val_f1": 0.8706586826347306
    },
    "calibration": {
        "brier_score": 0.10910381493332058,
        "ece": 0.007741253432317538
    },
    "thresholds": {
        "f1_max": {
            "threshold": 0.13,
            "f1": 0.9224932249322493
        },
        "youden": {
            "threshold": 0.5170717554754181,
            "j_score": 0.43878783866536464
        },
        "sensitivity_first": {
            "threshold": 0.45,
            "sensitivity": 0.9,
            "specificity": 0.4976525821596244
        }
    },
    "optimal_threshold": 0.13
}