{
    "base_models": {
        "xgboost": {
            "accuracy": 0.9990601503759399,
            "precision": 0.9988262910798122,
            "recall": 1.0,
            "f1": 0.9994128009395185,
            "roc_auc": 0.9999999999999999,
            "pr_auc": 1.0,
            "average_precision": 1.0,
            "mcc": 0.9970641733457171,
            "brier_score": 0.0007117840429474419,
            "ece": 0.19949924337933245
        },
        "lightgbm": {
            "accuracy": 0.9990601503759399,
            "precision": 0.9988262910798122,
            "recall": 1.0,
            "f1": 0.9994128009395185,
            "roc_auc": 0.9999944831543116,
            "pr_auc": 0.9999986199782305,
            "average_precision": 0.9999986207885779,
            "mcc": 0.9970641733457171,
            "brier_score": 0.0012964255889840767,
            "ece": 0.20016633123519006
        },
        "catboost": {
            "accuracy": 0.9990601503759399,
            "precision": 1.0,
            "recall": 0.9988249118683902,
            "f1": 0.9994121105232217,
            "roc_auc": 1.0,
            "pr_auc": 1.0,
            "average_precision": 1.0,
            "mcc": 0.9970744735164792,
            "brier_score": 0.00041651833027101204,
            "ece": 0.2004127304529325
        },
        "gradboost": {
            "accuracy": 1.0,
            "precision": 1.0,
            "recall": 1.0,
            "f1": 1.0,
            "roc_auc": 1.0,
            "pr_auc": 1.0,
            "average_precision": 1.0,
            "mcc": 1.0,
            "brier_score": 5.259945933117359e-05,
            "ece": 0.20041031186362368
        }
    },
    "stacking": {
        "val_auc": 1.0,
        "val_f1": 0.9994121105232217
    },
    "calibration": {
        "brier_score": 0.00017731056799819662,
        "ece": 0.0022110467327385182
    },
    "thresholds": {
        "f1_max": {
            "threshold": 0.09,
            "f1": 1.0
        },
        "youden": {
            "threshold": 0.3707958197057132,
            "j_score": 1.0
        },
        "sensitivity_first": {
            "threshold": 0.09,
            "sensitivity": 0.9,
            "specificity": 1.0
        }
    },
    "optimal_threshold": 0.09
}